Event,Time,Healthy People,Ill People,Recoverd people,RIP
[Sick],0.006030910982353427,666,334,0,0 
[Sick],0.007606618743833906,665,335,0,0 
[heal/dead],0.007923548129284487,665,334,0,1 
[heal/dead],0.01433442505252043,666,333,1,1 
[heal/dead],0.01652427759887053,667,332,2,1 
[heal/dead],0.016777456108460796,668,331,3,1 
[Sick],0.018038801489522343,667,332,3,1 
[Sick],0.01890689887308491,666,333,3,1 
[heal/dead],0.023282915046692526,666,332,3,2 
[Sick],0.02341070190587652,665,333,3,2 
[Sick],0.025747664162752492,664,334,3,2 
[heal/dead],0.026735257979420328,665,333,4,2 
[Sick],0.029733330008580392,664,334,4,2 
[heal/dead],0.030855364115770906,665,333,5,2 
[heal/dead],0.03131506252239577,666,332,6,2 
[heal/dead],0.03157026588698142,666,331,6,3 
[heal/dead],0.03168374677827183,667,330,7,3 
[heal/dead],0.03357109516297523,667,329,7,4 
[Sick],0.034361408188867966,666,330,7,4 
[Sick],0.037116033622067876,665,331,7,4 
[heal/dead],0.038642310919498206,666,330,8,4 
[Sick],0.03999401015942602,665,331,8,4 
[heal/dead],0.04812667164382345,666,330,9,4 
[Sick],0.05662534557798032,665,331,9,4 
[Sick],0.05991429336497811,664,332,9,4 
[Sick],0.0624650596437617,663,333,9,4 
[heal/dead],0.07267674770585912,664,332,10,4 
[heal/dead],0.07395194604618914,665,331,11,4 
[Sick],0.07396489682663894,664,332,11,4 
[Sick],0.07403785147037721,663,333,11,4 
[heal/dead],0.07457871608098957,664,332,12,4 
[Sick],0.07482978679800263,663,333,12,4 
[Sick],0.07489191141347461,662,334,12,4 
[heal/dead],0.07735507895358361,663,333,13,4 
[heal/dead],0.07850623848985863,663,332,13,5 
[heal/dead],0.07865238890225501,664,331,14,5 
[Sick],0.08011227511744737,663,332,14,5 
[Sick],0.08236580080707506,662,333,14,5 
[Sick],0.08310993335199834,661,334,14,5 
[Sick],0.08356061015451761,660,335,14,5 
[Sick],0.09133196177081122,659,336,14,5 
[heal/dead],0.091982732376613,660,335,15,5 
[heal/dead],0.09506700674521845,660,334,15,6 
[heal/dead],0.0975010973097451,661,333,16,6 
[heal/dead],0.0998300896060609,662,332,17,6 
[heal/dead],0.10042856796168272,663,331,18,6 
[Sick],0.10065692815574429,662,332,18,6 
[Sick],0.10186826727122385,661,333,18,6 
[Sick],0.10266008077244038,660,334,18,6 
[heal/dead],0.10377910629373384,661,333,19,6 
[heal/dead],0.10499063383583389,662,332,20,6 
[Sick],0.10533313569650816,661,333,20,6 
[Sick],0.10714067888083988,660,334,20,6 
[heal/dead],0.11031140520635671,661,333,21,6 
[Sick],0.11212736004807973,660,334,21,6 
[Sick],0.11253041513409855,659,335,21,6 
[Sick],0.11624243573943237,658,336,21,6 
[Sick],0.11847378218163253,657,337,21,6 
[heal/dead],0.11902461920061827,658,336,22,6 
[heal/dead],0.12055983362552947,659,335,23,6 
[heal/dead],0.12197666289727241,660,334,24,6 
[heal/dead],0.1221899859883555,661,333,25,6 
[heal/dead],0.12492926615228676,662,332,26,6 
[heal/dead],0.12553544607899708,663,331,27,6 
[Sick],0.12569043450048772,662,332,27,6 
[Sick],0.12775446224788423,661,333,27,6 
[Sick],0.12828829803129216,660,334,27,6 
[heal/dead],0.1298320662271634,661,333,28,6 
[heal/dead],0.13150152243424976,662,332,29,6 
[Sick],0.1353388953335722,661,333,29,6 
[heal/dead],0.13777578838418778,662,332,30,6 
[heal/dead],0.1382213409184412,663,331,31,6 
[Sick],0.1385953078847727,662,332,31,6 
[Sick],0.13948854470162,661,333,31,6 
[Sick],0.13950554808186275,660,334,31,6 
[Sick],0.14119598570525857,659,335,31,6 
[Sick],0.14199202293147015,658,336,31,6 
[Sick],0.14268678389922373,657,337,31,6 
[Sick],0.1427592293101557,656,338,31,6 
[Sick],0.14805167990748608,655,339,31,6 
[Sick],0.14816695159809393,654,340,31,6 
[heal/dead],0.1503035944233094,655,339,32,6 
[Sick],0.15373462107106917,654,340,32,6 
[heal/dead],0.15389719125930762,655,339,33,6 
[heal/dead],0.1561299254693962,656,338,34,6 
[heal/dead],0.15699614192738015,656,337,34,7 
[Sick],0.15797869316461496,655,338,34,7 
[heal/dead],0.15874705725722452,655,337,34,8 
[Sick],0.15885846803314652,654,338,34,8 
[Sick],0.16044484900779632,653,339,34,8 
[heal/dead],0.16192445330840136,654,338,35,8 
[Sick],0.16537685760457016,653,339,35,8 
[heal/dead],0.1665357400018906,654,338,36,8 
[heal/dead],0.1685857486563057,654,337,36,9 
[heal/dead],0.16954552958152672,655,336,37,9 
[heal/dead],0.16997251785482345,655,335,37,10 
[Sick],0.17059349060546414,654,336,37,10 
[heal/dead],0.1733711612952826,655,335,38,10 
[Sick],0.1764692259363894,654,336,38,10 
[heal/dead],0.17680530380803042,655,335,39,10 
[heal/dead],0.1796639078865136,656,334,40,10 
[heal/dead],0.17982473111063998,657,333,41,10 
[heal/dead],0.1816355494196817,658,332,42,10 
[heal/dead],0.18200920821044117,658,331,42,11 
[Sick],0.18280856623482256,657,332,42,11 
[Sick],0.18541017148476047,656,333,42,11 
[heal/dead],0.18637418137224301,656,332,42,12 
[heal/dead],0.1897131287439323,656,331,42,13 
[Sick],0.19064250916266648,655,332,42,13 
[Sick],0.19220109521660267,654,333,42,13 
[Sick],0.19289234495316102,653,334,42,13 
[Sick],0.19588049960373108,652,335,42,13 
[heal/dead],0.19749018102265725,652,334,42,14 
[heal/dead],0.1986594672113789,653,333,43,14 
[heal/dead],0.1990362959828426,654,332,44,14 
[Sick],0.20123974355668903,653,333,44,14 
[heal/dead],0.20176060831241233,654,332,45,14 
[heal/dead],0.20425817209427963,655,331,46,14 
[heal/dead],0.2058774343416836,656,330,47,14 
[heal/dead],0.20652912191406664,657,329,48,14 
[heal/dead],0.20698157073321194,657,328,48,15 
[heal/dead],0.20709835178063388,658,327,49,15 
[Sick],0.20808120700312926,657,328,49,15 
[heal/dead],0.20858909196760705,658,327,50,15 
[Sick],0.2094776495481541,657,328,50,15 
[Sick],0.21167064888118373,656,329,50,15 
[heal/dead],0.21210961180127963,657,328,51,15 
[heal/dead],0.2131277914732944,657,327,51,16 
[heal/dead],0.21360734740594575,658,326,52,16 
[heal/dead],0.2140298658694823,658,325,52,17 
[heal/dead],0.2144815861687253,659,324,53,17 
[heal/dead],0.21474637743047387,660,323,54,17 
[heal/dead],0.2153390708000049,661,322,55,17 
[heal/dead],0.2204470033914356,662,321,56,17 
[heal/dead],0.2285430293816033,663,320,57,17 
[heal/dead],0.22934557337533384,664,319,58,17 
[heal/dead],0.23029276168925705,665,318,59,17 
[Sick],0.2305630921743259,664,319,59,17 
[heal/dead],0.23104972030624216,665,318,60,17 
[Sick],0.23107212596209425,664,319,60,17 
[Sick],0.23113742402255802,663,320,60,17 
[heal/dead],0.2349354158304311,664,319,61,17 
[Sick],0.2353864191378542,663,320,61,17 
[heal/dead],0.2357250180645085,664,319,62,17 
[heal/dead],0.2467718811239245,665,318,63,17 
[Sick],0.24743723006093515,664,319,63,17 
[Sick],0.2480746353574323,663,320,63,17 
[heal/dead],0.25072246536939613,663,319,63,18 
[heal/dead],0.25216456581198393,664,318,64,18 
[Sick],0.25276565990580624,663,319,64,18 
[heal/dead],0.2528986915003174,664,318,65,18 
[heal/dead],0.2533885180655924,665,317,66,18 
[Sick],0.2538886839314893,664,318,66,18 
[heal/dead],0.256426125976365,665,317,67,18 
[Sick],0.25667330474396605,664,318,67,18 
[Sick],0.2651499126808951,663,319,67,18 
[heal/dead],0.26684349165843974,664,318,68,18 
[Sick],0.27231852177024507,663,319,68,18 
[heal/dead],0.27377162495811197,663,318,68,19 
[heal/dead],0.27463757131716204,664,317,69,19 
[heal/dead],0.28163380572812285,664,316,69,20 
[Sick],0.28392524151189136,663,317,69,20 
[heal/dead],0.2863803013286012,664,316,70,20 
[heal/dead],0.28739482914013237,665,315,71,20 
[heal/dead],0.289446899693624,666,314,72,20 
[heal/dead],0.2903387889164655,667,313,73,20 
[heal/dead],0.2941689284665806,668,312,74,20 
[Sick],0.2979829252335593,667,313,74,20 
[heal/dead],0.3039962389800881,668,312,75,20 
[heal/dead],0.3042477785050201,669,311,76,20 
[Sick],0.30908286815750174,668,312,76,20 
[Sick],0.30963740522406535,667,313,76,20 
[heal/dead],0.311121690714923,667,312,76,21 
[Sick],0.3124529290684257,666,313,76,21 
[heal/dead],0.3154534001236128,667,312,77,21 
[Sick],0.3155092396223166,666,313,77,21 
[Sick],0.32166080596375946,665,314,77,21 
[Sick],0.32283972064331606,664,315,77,21 
[heal/dead],0.32319058151052893,665,314,78,21 
[Sick],0.3242878676352902,664,315,78,21 
[heal/dead],0.3252876121240599,665,314,79,21 
[Sick],0.32567193758883245,664,315,79,21 
[heal/dead],0.32837986945646147,665,314,80,21 
[heal/dead],0.3291179984085692,666,313,81,21 
[heal/dead],0.33080378092992296,667,312,82,21 
[heal/dead],0.33122656110468757,668,311,83,21 
[Sick],0.3314390467612084,667,312,83,21 
[heal/dead],0.33532766661028607,667,311,83,22 
[Sick],0.338583262112142,666,312,83,22 
[heal/dead],0.34144981895711324,667,311,84,22 
[Sick],0.3425157581709947,666,312,84,22 
[Sick],0.3441700340363699,665,313,84,22 
[heal/dead],0.3449409623301654,666,312,85,22 
[heal/dead],0.34546143522586154,667,311,86,22 
[heal/dead],0.3479558620103314,668,310,87,22 
[heal/dead],0.34972019256804476,668,309,87,23 
[heal/dead],0.352700657230565,669,308,88,23 
[Sick],0.35612756331944867,668,309,88,23 
[heal/dead],0.35650605073826713,669,308,89,23 
[Sick],0.3588598076208808,668,309,89,23 
[Sick],0.3596309412735303,667,310,89,23 
[heal/dead],0.36189288541697423,668,309,90,23 
[heal/dead],0.36376585441426185,669,308,91,23 
[Sick],0.36742158138363584,668,309,91,23 
[heal/dead],0.37124333074529337,668,308,91,24 
[Sick],0.37420166372520974,667,309,91,24 
[Sick],0.3778760624900452,666,310,91,24 
[heal/dead],0.37885987894322254,667,309,92,24 
[heal/dead],0.3798728645587352,667,308,92,25 
[heal/dead],0.38253336144736894,668,307,93,25 
[Sick],0.3827067316076068,667,308,93,25 
[heal/dead],0.3831930267995585,667,307,93,26 
[Sick],0.38373613479575125,666,308,93,26 
[heal/dead],0.38639700971266944,667,307,94,26 
[Sick],0.3870771803926313,666,308,94,26 
[heal/dead],0.38760407872497354,667,307,95,26 
[Sick],0.3961003712104807,666,308,95,26 
[Sick],0.3979017883187161,665,309,95,26 
[Sick],0.3993074720578888,664,310,95,26 
[Sick],0.3998896394731064,663,311,95,26 
[Sick],0.4000883362838983,662,312,95,26 
[heal/dead],0.4002019217782249,663,311,96,26 
[heal/dead],0.40118494988690223,663,310,96,27 
[heal/dead],0.40175749035241154,663,309,96,28 
[heal/dead],0.4035986385793625,664,308,97,28 
[Sick],0.40526312003779874,663,309,97,28 
[Sick],0.4056591251240028,662,310,97,28 
[Sick],0.4060812379828589,661,311,97,28 
[Sick],0.40671780150225556,660,312,97,28 
[Sick],0.40819339478354844,659,313,97,28 
[heal/dead],0.41012236343004405,660,312,98,28 
[heal/dead],0.41414046906040713,660,311,98,29 
[heal/dead],0.4143471692736688,661,310,99,29 
[heal/dead],0.41835526573569076,662,309,100,29 
[heal/dead],0.41915999631532047,663,308,101,29 
[Sick],0.4196373471935746,662,309,101,29 
[heal/dead],0.420369422945315,663,308,102,29 
[Sick],0.4205738696101558,662,309,102,29 
[Sick],0.4240748130931584,661,310,102,29 
[heal/dead],0.42522449140264557,662,309,103,29 
[Sick],0.42585443068489154,661,310,103,29 
[Sick],0.427542038781346,660,311,103,29 
[Sick],0.4279138706571699,659,312,103,29 
[Sick],0.42960485607042503,658,313,103,29 
[Sick],0.4302260054946102,657,314,103,29 
[heal/dead],0.43132104082479084,657,313,103,30 
[heal/dead],0.4316750875545239,658,312,104,30 
[Sick],0.4337407956184065,657,313,104,30 
[Sick],0.436324972702155,656,314,104,30 
[heal/dead],0.436544361497316,657,313,105,30 
[heal/dead],0.44091044281201625,658,312,106,30 
[heal/dead],0.4410816610985668,659,311,107,30 
[heal/dead],0.44265403947126725,660,310,108,30 
[Sick],0.4459990179203867,659,311,108,30 
[heal/dead],0.4477912509785787,660,310,109,30 
[heal/dead],0.4496271770097451,660,309,109,31 
[heal/dead],0.4562722586801492,661,308,110,31 
[Sick],0.4564228026496997,660,309,110,31 
[heal/dead],0.457713912249199,661,308,111,31 
[heal/dead],0.4584339793249311,662,307,112,31 
[heal/dead],0.45865347071548573,663,306,113,31 
[heal/dead],0.4604292636216166,664,305,114,31 
[Sick],0.4605971192367915,663,306,114,31 
[Sick],0.4623059136343257,662,307,114,31 
[Sick],0.4653033066440511,661,308,114,31 
[Sick],0.4653828770088878,660,309,114,31 
[heal/dead],0.468474243879361,661,308,115,31 
[heal/dead],0.4699621048266789,661,307,115,32 
[Sick],0.4719830398872147,660,308,115,32 
[heal/dead],0.4759338880821549,661,307,116,32 
[Sick],0.4760369401864542,660,308,116,32 
[Sick],0.47606694980784947,659,309,116,32 
[Sick],0.4773531717195881,658,310,116,32 
[heal/dead],0.4798679384082969,659,309,117,32 
[Sick],0.48618463020408964,658,310,117,32 
[heal/dead],0.48664720513939014,659,309,118,32 
[heal/dead],0.4867744510627854,660,308,119,32 
[heal/dead],0.48749009479780625,661,307,120,32 
[heal/dead],0.48773519413082433,662,306,121,32 
[Sick],0.49558380239726924,661,307,121,32 
[Sick],0.49668690450250713,660,308,121,32 
[Sick],0.49850906067808226,659,309,121,32 
[heal/dead],0.5020362592894608,660,308,122,32 
[Sick],0.5029982523101426,659,309,122,32 
[Sick],0.5030128065118746,658,310,122,32 
[heal/dead],0.505310625692428,659,309,123,32 
[heal/dead],0.5070172692868368,659,308,123,33 
[Sick],0.507023723063505,658,309,123,33 
[Sick],0.507619379924396,657,310,123,33 
[heal/dead],0.5092439850551963,658,309,124,33 
[Sick],0.5103320718889234,657,310,124,33 
[heal/dead],0.5138062382790928,658,309,125,33 
[heal/dead],0.5160609376487426,659,308,126,33 
[heal/dead],0.5185195170824429,659,307,126,34 
[Sick],0.5213883265360748,658,308,126,34 
[heal/dead],0.5233914918432896,659,307,127,34 
[Sick],0.527287254167676,658,308,127,34 
[heal/dead],0.5284593188631838,658,307,127,35 
[Sick],0.5309003913331638,657,308,127,35 
[heal/dead],0.5368438408836711,658,307,128,35 
[Sick],0.5379278664160072,657,308,128,35 
[Sick],0.5437125221701905,656,309,128,35 
[Sick],0.5455787431395671,655,310,128,35 
[heal/dead],0.5463980963815745,656,309,129,35 
[heal/dead],0.546997695731557,657,308,130,35 
[Sick],0.5477984797684188,656,309,130,35 
[Sick],0.5490843473907856,655,310,130,35 
[Sick],0.5540182824773567,654,311,130,35 
[heal/dead],0.5619242648349748,655,310,131,35 
[heal/dead],0.5620320696049586,656,309,132,35 
[heal/dead],0.5626426357314367,657,308,133,35 
[Sick],0.5634016455688016,656,309,133,35 
[heal/dead],0.5641559323078243,656,308,133,36 
[heal/dead],0.5689775996986755,657,307,134,36 
[heal/dead],0.5708448832265579,657,306,134,37 
[Sick],0.5712904801517472,656,307,134,37 
[heal/dead],0.5721724536021966,656,306,134,38 
[heal/dead],0.5760390091647454,657,305,135,38 
[heal/dead],0.5773147047123109,658,304,136,38 
[Sick],0.577720769331357,657,305,136,38 
[heal/dead],0.578139359621908,658,304,137,38 
[Sick],0.5801863814466778,657,305,137,38 
[heal/dead],0.5808218381234853,658,304,138,38 
[Sick],0.5846464862837903,657,305,138,38 
[Sick],0.5847725197078526,656,306,138,38 
[heal/dead],0.5858321450052562,657,305,139,38 
[Sick],0.5877635642892128,656,306,139,38 
[heal/dead],0.5879252510669846,657,305,140,38 
[Sick],0.5879312419398622,656,306,140,38 
[heal/dead],0.5916926704953973,657,305,141,38 
[Sick],0.5934070241021623,656,306,141,38 
[Sick],0.5951326848053866,655,307,141,38 
[Sick],0.5995211238200009,654,308,141,38 
[heal/dead],0.6074891502107412,655,307,142,38 
[Sick],0.6121962338876913,654,308,142,38 
[Sick],0.6142941058180388,653,309,142,38 
[heal/dead],0.6154894421296876,654,308,143,38 
[heal/dead],0.6167155005359102,654,307,143,39 
[Sick],0.6174424534732418,653,308,143,39 
[heal/dead],0.6179979362401696,653,307,143,40 
[heal/dead],0.6183570877651734,654,306,144,40 
[Sick],0.623943948438275,653,307,144,40 
[heal/dead],0.624899587536731,654,306,145,40 
[Sick],0.6263983063996847,653,307,145,40 
[Sick],0.6264532206072047,652,308,145,40 
[heal/dead],0.628721628427639,653,307,146,40 
[Sick],0.6288822368258378,652,308,146,40 
[heal/dead],0.631782506143631,653,307,147,40 
[heal/dead],0.6322790540522593,654,306,148,40 
[Sick],0.6338129705388891,653,307,148,40 
[heal/dead],0.6394270503810634,654,306,149,40 
[heal/dead],0.6399510875667809,654,305,149,41 
[Sick],0.6406771174904072,653,306,149,41 
[Sick],0.6465181356454908,652,307,149,41 
[Sick],0.6490505909420159,651,308,149,41 
[heal/dead],0.6497054297950967,652,307,150,41 
[Sick],0.6503764977470204,651,308,150,41 
[Sick],0.6558174978789195,650,309,150,41 
[heal/dead],0.6588201557117274,651,308,151,41 
[heal/dead],0.6600329602052469,652,307,152,41 
[Sick],0.6602856709748496,651,308,152,41 
[Sick],0.664580536164242,650,309,152,41 
[Sick],0.6648585559075945,649,310,152,41 
[Sick],0.6656908787321567,648,311,152,41 
[heal/dead],0.667032753884445,649,310,153,41 
[Sick],0.6698340733434616,648,311,153,41 
[heal/dead],0.670236329408289,649,310,154,41 
[Sick],0.6703304208036976,648,311,154,41 
[heal/dead],0.6724431811323852,649,310,155,41 
[heal/dead],0.673650701134836,649,309,155,42 
[Sick],0.6742121650301445,648,310,155,42 
[Sick],0.6747921213568074,647,311,155,42 
[heal/dead],0.6761947513071568,648,310,156,42 
[Sick],0.6783450236042327,647,311,156,42 
[heal/dead],0.6785016536604228,648,310,157,42 
[heal/dead],0.6830432886097488,649,309,158,42 
[heal/dead],0.6843909062259176,649,308,158,43 
[heal/dead],0.6855361065475394,650,307,159,43 
[Sick],0.6871219312564825,649,308,159,43 
[heal/dead],0.6874064491098624,650,307,160,43 
[Sick],0.6888331978927149,649,308,160,43 
[Sick],0.6895254628928893,648,309,160,43 
[Sick],0.6927276795154931,647,310,160,43 
[Sick],0.6928765350907036,646,311,160,43 
[Sick],0.694267774327502,645,312,160,43 
[Sick],0.6974495938628014,644,313,160,43 
[Sick],0.698999981045769,643,314,160,43 
[heal/dead],0.7017310943268081,643,313,160,44 
[heal/dead],0.7018519553887563,644,312,161,44 
[Sick],0.7019479869455126,643,313,161,44 
[Sick],0.7041507815307697,642,314,161,44 
[Sick],0.7043792145969294,641,315,161,44 
[heal/dead],0.7048328357723884,642,314,162,44 
[heal/dead],0.7072600714242299,643,313,163,44 
[Sick],0.7080430786262946,642,314,163,44 
[heal/dead],0.7082115738974347,643,313,164,44 
[heal/dead],0.7089218422094646,644,312,165,44 
[Sick],0.710510830540436,643,313,165,44 
[Sick],0.711058325811562,642,314,165,44 
[Sick],0.7171484451064057,641,315,165,44 
[heal/dead],0.7188147776239383,641,314,165,45 
[Sick],0.7214166689473437,640,315,165,45 
[Sick],0.7241359165021581,639,316,165,45 
[heal/dead],0.7242567025453549,640,315,166,45 
[heal/dead],0.7259443472332153,641,314,167,45 
[heal/dead],0.726248419906896,642,313,168,45 
[Sick],0.7272885587890012,641,314,168,45 
[Sick],0.7328026115539242,640,315,168,45 
[Sick],0.7332500586754223,639,316,168,45 
[heal/dead],0.7333841749550049,640,315,169,45 
[heal/dead],0.7364459125428919,641,314,170,45 
[Sick],0.7373212717028972,640,315,170,45 
[Sick],0.7385194853729187,639,316,170,45 
[Sick],0.7391574334642024,638,317,170,45 
[Sick],0.7399337182446706,637,318,170,45 
[Sick],0.7406054705169125,636,319,170,45 
[heal/dead],0.7435970974611944,637,318,171,45 
[heal/dead],0.7444612860570835,638,317,172,45 
[heal/dead],0.7461031196372623,639,316,173,45 
[heal/dead],0.7485796999862926,640,315,174,45 
[heal/dead],0.751052658828791,641,314,175,45 
[heal/dead],0.7511554579414508,642,313,176,45 
[Sick],0.7515943719356944,641,314,176,45 
[heal/dead],0.7535599644756272,642,313,177,45 
[Sick],0.7543898035463812,641,314,177,45 
[heal/dead],0.7548307381643375,641,313,177,46 
[heal/dead],0.7557648077702854,642,312,178,46 
[Sick],0.7570775493207408,641,313,178,46 
[heal/dead],0.7572580436509697,641,312,178,47 
[Sick],0.7574591659954941,640,313,178,47 
[heal/dead],0.7591407804929917,640,312,178,48 
[Sick],0.7591888167727265,639,313,178,48 
[Sick],0.7594558210282498,638,314,178,48 
[heal/dead],0.7602395996753222,639,313,179,48 
[heal/dead],0.7631599866951602,640,312,180,48 
[Sick],0.7637773690092375,639,313,180,48 
[Sick],0.7739738655123498,638,314,180,48 
[Sick],0.7757035879572015,637,315,180,48 
[heal/dead],0.7764191321682926,638,314,181,48 
[heal/dead],0.7771363319612249,639,313,182,48 
[heal/dead],0.7780240465853087,640,312,183,48 
[Sick],0.7831148964925908,639,313,183,48 
[Sick],0.7869742990529275,638,314,183,48 
[heal/dead],0.7876283832303724,639,313,184,48 
[heal/dead],0.787790029948603,640,312,185,48 
[Sick],0.7882215733092526,639,313,185,48 
[Sick],0.7908823956136246,638,314,185,48 
[Sick],0.7911422683713434,637,315,185,48 
[Sick],0.7917103013873275,636,316,185,48 
[heal/dead],0.7981393415498279,636,315,185,49 
[Sick],0.7985681498967224,635,316,185,49 
[heal/dead],0.7992676908429239,636,315,186,49 
[heal/dead],0.8011725109031875,637,314,187,49 
[heal/dead],0.8014406155137029,638,313,188,49 
[heal/dead],0.8028135716076078,639,312,189,49 
[heal/dead],0.8061462347339174,640,311,190,49 
[heal/dead],0.8063437781171657,641,310,191,49 
[heal/dead],0.8113669992379924,642,309,192,49 
[Sick],0.8119121723812831,641,310,192,49 
[heal/dead],0.8131617441633625,642,309,193,49 
[heal/dead],0.814160441680535,643,308,194,49 
[heal/dead],0.8148056988876536,644,307,195,49 
[heal/dead],0.8153636305581183,645,306,196,49 
[heal/dead],0.8164709581418923,646,305,197,49 
[heal/dead],0.8218414817233084,646,304,197,50 
[Sick],0.8224799601380988,645,305,197,50 
[heal/dead],0.8236856709012962,646,304,198,50 
[heal/dead],0.8255105733922179,647,303,199,50 
[heal/dead],0.8260749455185294,648,302,200,50 
[heal/dead],0.8269470961783061,649,301,201,50 
[heal/dead],0.8295449408474452,650,300,202,50 
[Sick],0.8298209573488007,649,301,202,50 
[heal/dead],0.8341201861902353,650,300,203,50 
[Sick],0.8372347154425315,649,301,203,50 
[heal/dead],0.8387127999671926,650,300,204,50 
[heal/dead],0.8394199733540662,651,299,205,50 
[heal/dead],0.8419744906388353,651,298,205,51 
[Sick],0.8430162497731423,650,299,205,51 
[Sick],0.8445027444046189,649,300,205,51 
[Sick],0.8447214982496677,648,301,205,51 
[Sick],0.8571238100856146,647,302,205,51 
[Sick],0.8576726974947393,646,303,205,51 
[heal/dead],0.8596352547350607,647,302,206,51 
[Sick],0.8629825506741886,646,303,206,51 
[heal/dead],0.8647174125094264,647,302,207,51 
[Sick],0.8669140454452195,646,303,207,51 
[heal/dead],0.8671783987245781,647,302,208,51 
[heal/dead],0.8673138501471886,647,301,208,52 
[heal/dead],0.8684861215025572,648,300,209,52 
[heal/dead],0.8694465962331769,649,299,210,52 
[heal/dead],0.871541610575541,650,298,211,52 
[Sick],0.8716381961092531,649,299,211,52 
[Sick],0.8733242756474129,648,300,211,52 
[Sick],0.8761680179421085,647,301,211,52 
[Sick],0.8766147780720572,646,302,211,52 
[Sick],0.8783167312949481,645,303,211,52 
[heal/dead],0.8798192159641819,646,302,212,52 
[heal/dead],0.8800828886649568,646,301,212,53 
[Sick],0.8816591770662968,645,302,212,53 
[heal/dead],0.8825279506109743,646,301,213,53 
[Sick],0.8844513795557147,645,302,213,53 
[heal/dead],0.8849935097472874,646,301,214,53 
[Sick],0.8902480549480069,645,302,214,53 
[heal/dead],0.8905867877616688,645,301,214,54 
[Sick],0.8918814635161436,644,302,214,54 
[Sick],0.8929745213110489,643,303,214,54 
[Sick],0.8949018529332157,642,304,214,54 
[heal/dead],0.8957076184317452,643,303,215,54 
[Sick],0.8979490834928817,642,304,215,54 
[Sick],0.8982978777998559,641,305,215,54 
[Sick],0.9010021375731766,640,306,215,54 
[heal/dead],0.905928897678961,641,305,216,54 
[heal/dead],0.9088879180926557,642,304,217,54 
[heal/dead],0.9097787772805161,643,303,218,54 
[Sick],0.9148257034631201,642,304,218,54 
[Sick],0.9155973891419009,641,305,218,54 
[heal/dead],0.9273694656121052,642,304,219,54 
[heal/dead],0.9291004448854412,642,303,219,55 
[heal/dead],0.9296533555708789,642,302,219,56 
[Sick],0.9301967921639005,641,303,219,56 
[Sick],0.9320357606537555,640,304,219,56 
[Sick],0.9345573108880187,639,305,219,56 
[heal/dead],0.9367539652880447,640,304,220,56 
[Sick],0.9385689055499052,639,305,220,56 
[Sick],0.9402787416064103,638,306,220,56 
[Sick],0.9408623924647571,637,307,220,56 
[Sick],0.9465201150101363,636,308,220,56 
[Sick],0.9494217584146725,635,309,220,56 
[Sick],0.9501241192913463,634,310,220,56 
[Sick],0.9525221324536643,633,311,220,56 
[heal/dead],0.9529065726391784,634,310,221,56 
[Sick],0.9562223210612268,633,311,221,56 
[Sick],0.9571256634117978,632,312,221,56 
[Sick],0.9573727830746558,631,313,221,56 
[heal/dead],0.9605367204936373,632,312,222,56 
[heal/dead],0.9614346571254612,632,311,222,57 
[Sick],0.9616550055941745,631,312,222,57 
[heal/dead],0.9625032955770434,632,311,223,57 
[heal/dead],0.9646959698017803,633,310,224,57 
[Sick],0.9658197121387164,632,311,224,57 
[Sick],0.9689722206919512,631,312,224,57 
[heal/dead],0.9698002879044569,631,311,224,58 
[Sick],0.9711620728713777,630,312,224,58 
[Sick],0.9714141984595547,629,313,224,58 
[heal/dead],0.9734913403018693,630,312,225,58 
[Sick],0.9745503415284362,629,313,225,58 
[heal/dead],0.9754748084581784,630,312,226,58 
[heal/dead],0.9770104028719981,631,311,227,58 
[heal/dead],0.9809986125120108,632,310,228,58 
[heal/dead],0.9815794365470213,633,309,229,58 
[Sick],0.9826735667633144,632,310,229,58 
[Sick],0.9830127131361409,631,311,229,58 
[heal/dead],0.9874559098465695,632,310,230,58 
[Sick],0.9883793645670075,631,311,230,58 
[Sick],0.9915950123354095,630,312,230,58 
[Sick],0.9919358146533305,629,313,230,58 
[Sick],0.9949132609382048,628,314,230,58 
[heal/dead],0.9976375285821486,629,313,231,58 
[Sick],1.0010600561329217,628,314,231,58 
[heal/dead],1.0024014416169813,629,313,232,58 
[Sick],1.0027784212622295,628,314,232,58 
[heal/dead],1.0044018425954093,629,313,233,58 
[Sick],1.0077986198493125,628,314,233,58 
[heal/dead],1.0101897922118157,628,313,233,59 
[Sick],1.0139455978138927,627,314,233,59 
[Sick],1.0146162879718559,626,315,233,59 
[heal/dead],1.0169978047475245,627,314,234,59 
[Sick],1.0170779551260014,626,315,234,59 
[heal/dead],1.0226743708962307,627,314,235,59 
[heal/dead],1.0260488857405388,628,313,236,59 
[Sick],1.0278452781928025,627,314,236,59 
[heal/dead],1.0293648116867498,627,313,236,60 
[heal/dead],1.0317249780933353,628,312,237,60 
[Sick],1.0341414444275219,627,313,237,60 
[Sick],1.0368889849663971,626,314,237,60 
[heal/dead],1.0387894352202052,627,313,238,60 
[heal/dead],1.0400888252586447,627,312,238,61 
[heal/dead],1.0403779488828864,628,311,239,61 
[Sick],1.042044015200659,627,312,239,61 
[Sick],1.0438364370199422,626,313,239,61 
[heal/dead],1.051723838265355,627,312,240,61 
[heal/dead],1.0573499715826,628,311,241,61 
[heal/dead],1.0575178336894413,629,310,242,61 
[Sick],1.0576628731435593,628,311,242,61 
[heal/dead],1.0583419589456153,629,310,243,61 
[heal/dead],1.059650766339715,629,309,243,62 
[heal/dead],1.0615690155153168,630,308,244,62 
[heal/dead],1.0617304749169552,630,307,244,63 
[Sick],1.0654014439527257,629,308,244,63 
[heal/dead],1.0662690688678824,630,307,245,63 
[Sick],1.06657600771995,629,308,245,63 
[heal/dead],1.0669737202032061,630,307,246,63 
[heal/dead],1.0688254643978083,631,306,247,63 
[heal/dead],1.072939566873749,632,305,248,63 
[heal/dead],1.07335120809558,632,304,248,64 
[heal/dead],1.0774172582644592,632,303,248,65 
[Sick],1.0784562596694844,631,304,248,65 
[heal/dead],1.0801557053614048,632,303,249,65 
[heal/dead],1.0861238940912532,633,302,250,65 
[Sick],1.0872600780805242,632,303,250,65 
[heal/dead],1.0929906900573767,633,302,251,65 
[heal/dead],1.0937593706717412,633,301,251,66 
[Sick],1.0937761048444026,632,302,251,66 
[heal/dead],1.0944386053708108,633,301,252,66 
[heal/dead],1.096228881514865,634,300,253,66 
[Sick],1.0968956091061006,633,301,253,66 
[heal/dead],1.1011242630929357,633,300,253,67 
[heal/dead],1.1014619235042715,634,299,254,67 
[Sick],1.1017159792062334,633,300,254,67 
[heal/dead],1.1025609406163306,634,299,255,67 
[Sick],1.112600754700123,633,300,255,67 
[heal/dead],1.116414580157317,634,299,256,67 
[heal/dead],1.1262625043287162,635,298,257,67 
[heal/dead],1.1312362801908942,636,297,258,67 
[Sick],1.1319282779211757,635,298,258,67 
[heal/dead],1.1347492698729404,636,297,259,67 
[heal/dead],1.1369451025606334,636,296,259,68 
[heal/dead],1.1383349106091343,637,295,260,68 
[heal/dead],1.1413691688255572,638,294,261,68 
[Sick],1.1422931072067812,637,295,261,68 
[heal/dead],1.1448070221834494,638,294,262,68 
[heal/dead],1.1458347718514583,639,293,263,68 
[Sick],1.148278267352454,638,294,263,68 
[heal/dead],1.1508717176076209,639,293,264,68 
[heal/dead],1.1533446448332507,640,292,265,68 
[heal/dead],1.1543486599430366,640,291,265,69 
[heal/dead],1.161068350045133,641,290,266,69 
[heal/dead],1.1615006462704693,641,289,266,70 
[Sick],1.1643101991765374,640,290,266,70 
[Sick],1.1655139389834708,639,291,266,70 
[Sick],1.1660033127592648,638,292,266,70 
[heal/dead],1.1682450796488277,639,291,267,70 
[Sick],1.1730432538747846,638,292,267,70 
[heal/dead],1.1736763682834892,639,291,268,70 
[Sick],1.176021450452637,638,292,268,70 
[heal/dead],1.1803013343947606,639,291,269,70 
[heal/dead],1.181349339780721,640,290,270,70 
[heal/dead],1.1821114433359516,641,289,271,70 
[Sick],1.1824443684446446,640,290,271,70 
[heal/dead],1.183097139364239,641,289,272,70 
[heal/dead],1.1860250549429647,641,288,272,71 
[heal/dead],1.1876517768733166,642,287,273,71 
[Sick],1.188677674172653,641,288,273,71 
[Sick],1.1901410374650268,640,289,273,71 
[heal/dead],1.1923529953423269,640,288,273,72 
[Sick],1.194718087869568,639,289,273,72 
[heal/dead],1.1951312435433308,640,288,274,72 
[Sick],1.195173591807911,639,289,274,72 
[heal/dead],1.1955588643774775,640,288,275,72 
[heal/dead],1.1961034685335237,641,287,276,72 
[Sick],1.1994288159930335,640,288,276,72 
[Sick],1.199852785953015,639,289,276,72 
[heal/dead],1.2030893405095466,640,288,277,72 
[Sick],1.2057273725534057,639,289,277,72 
[heal/dead],1.2083401266014524,640,288,278,72 
[heal/dead],1.2147943934028482,641,287,279,72 
[heal/dead],1.215791792369756,642,286,280,72 
[Sick],1.2160863129609614,641,287,280,72 
[heal/dead],1.2180014277493976,642,286,281,72 
[heal/dead],1.2192118736438389,643,285,282,72 
[heal/dead],1.2203879029159417,644,284,283,72 
[Sick],1.2216704666214644,643,285,283,72 
[heal/dead],1.2224221238285737,644,284,284,72 
[Sick],1.2341512001141608,643,285,284,72 
[heal/dead],1.2346937679684034,643,284,284,73 
[Sick],1.235143289187092,642,285,284,73 
[Sick],1.2361305515231937,641,286,284,73 
[heal/dead],1.2375141146943367,642,285,285,73 
[Sick],1.2386841916002056,641,286,285,73 
[heal/dead],1.241693243622448,642,285,286,73 
[heal/dead],1.2422237464021064,643,284,287,73 
[heal/dead],1.2430631298458643,643,283,287,74 
[heal/dead],1.2442329861729198,644,282,288,74 
[heal/dead],1.245870955731921,645,281,289,74 
[Sick],1.2467348322815615,644,282,289,74 
[heal/dead],1.2475154022084802,645,281,290,74 
[heal/dead],1.2485272329892372,645,280,290,75 
[Sick],1.2489620800213594,644,281,290,75 
[Sick],1.2504540893308849,643,282,290,75 
[heal/dead],1.2516396106960312,644,281,291,75 
[heal/dead],1.2536319164774437,645,280,292,75 
[Sick],1.254419185809542,644,281,292,75 
[Sick],1.2547500131827771,643,282,292,75 
[heal/dead],1.2565499813269247,644,281,293,75 
[Sick],1.2615264375778559,643,282,293,75 
[heal/dead],1.2623638871266698,643,281,293,76 
[Sick],1.2630293194149893,642,282,293,76 
[heal/dead],1.2639256322743908,643,281,294,76 
[Sick],1.26423148428806,642,282,294,76 
[Sick],1.268576092270372,641,283,294,76 
[Sick],1.2693480410015419,640,284,294,76 
[heal/dead],1.269850360380302,641,283,295,76 
[heal/dead],1.2717156946841683,642,282,296,76 
[heal/dead],1.2743769292014206,642,281,296,77 
[heal/dead],1.2751740301244237,643,280,297,77 
[heal/dead],1.2758585755658909,643,279,297,78 
[heal/dead],1.2779355277574203,644,278,298,78 
[heal/dead],1.2814980720798343,645,277,299,78 
[heal/dead],1.2847817011065823,646,276,300,78 
[Sick],1.2874926434451044,645,277,300,78 
[Sick],1.288014577092529,644,278,300,78 
[Sick],1.2900546132296429,643,279,300,78 
[heal/dead],1.2909164732161555,643,278,300,79 
[Sick],1.2920843955131711,642,279,300,79 
[heal/dead],1.295913632516419,643,278,301,79 
[Sick],1.3027478869798008,642,279,301,79 
[heal/dead],1.3053873640946143,642,278,301,80 
[Sick],1.3065530300395098,641,279,301,80 
[Sick],1.3075631390343023,640,280,301,80 
[heal/dead],1.308135810551421,641,279,302,80 
[heal/dead],1.3084668709565757,641,278,302,81 
[heal/dead],1.3100020262033387,642,277,303,81 
[Sick],1.3121310802972552,641,278,303,81 
[Sick],1.3186739083708665,640,279,303,81 
[Sick],1.3187248274576597,639,280,303,81 
[Sick],1.3225007405166156,638,281,303,81 
[heal/dead],1.331756872908026,639,280,304,81 
[Sick],1.334220448497746,638,281,304,81 
[heal/dead],1.3350921950186807,638,280,304,82 
[heal/dead],1.3361928090642203,639,279,305,82 
[Sick],1.3434140962972185,638,280,305,82 
[Sick],1.346347055005829,637,281,305,82 
[heal/dead],1.3469443783596156,638,280,306,82 
[Sick],1.348796528386098,637,281,306,82 
[heal/dead],1.3516868647924436,637,280,306,83 
[heal/dead],1.3538959419393903,638,279,307,83 
[heal/dead],1.3555486093556763,639,278,308,83 
[Sick],1.3557620619757755,638,279,308,83 
[Sick],1.356173311910744,637,280,308,83 
[Sick],1.3562608349900078,636,281,308,83 
[Sick],1.3566570827841569,635,282,308,83 
[heal/dead],1.3584328769068157,636,281,309,83 
[heal/dead],1.3589604937086124,636,280,309,84 
[Sick],1.361610929800731,635,281,309,84 
[heal/dead],1.364845993327739,635,280,309,85 
[Sick],1.3681810444147369,634,281,309,85 
[Sick],1.3687087973420866,633,282,309,85 
[heal/dead],1.3703110302505535,633,281,309,86 
[heal/dead],1.3714192353408936,634,280,310,86 
[heal/dead],1.3729887415348931,634,279,310,87 
[heal/dead],1.374127891534019,635,278,311,87 
[Sick],1.3756152295128943,634,279,311,87 
[heal/dead],1.3766309370307461,635,278,312,87 
[heal/dead],1.3783255470584181,636,277,313,87 
[Sick],1.3798448044469052,635,278,313,87 
[heal/dead],1.3832578416433101,636,277,314,87 
[heal/dead],1.383450109322996,637,276,315,87 
[heal/dead],1.383577852756991,638,275,316,87 
[heal/dead],1.3989665167333156,639,274,317,87 
[heal/dead],1.4003722916028385,640,273,318,87 
[heal/dead],1.4100279172404064,641,272,319,87 
[Sick],1.4168081790639722,640,273,319,87 
[Sick],1.4213182979970258,639,274,319,87 
[heal/dead],1.424585444885894,640,273,320,87 
[heal/dead],1.4253689819934816,641,272,321,87 
[Sick],1.4270830308571276,640,273,321,87 
[Sick],1.4280693286452448,639,274,321,87 
[heal/dead],1.4284529758594302,640,273,322,87 
[Sick],1.4289734396908296,639,274,322,87 
[heal/dead],1.4309519143153937,640,273,323,87 
[Sick],1.4314387195833753,639,274,323,87 
[Sick],1.4316828244300168,638,275,323,87 
[Sick],1.433568081665825,637,276,323,87 
[Sick],1.4404732789322183,636,277,323,87 
[Sick],1.4425147049476217,635,278,323,87 
[heal/dead],1.4448428938027003,635,277,323,88 
[Sick],1.4449823798859223,634,278,323,88 
[heal/dead],1.4504722775936476,635,277,324,88 
[Sick],1.4506884198686651,634,278,324,88 
[heal/dead],1.4534506641757887,635,277,325,88 
[heal/dead],1.4539653008236568,636,276,326,88 
[Sick],1.4572655054673995,635,277,326,88 
[heal/dead],1.4578797417945328,635,276,326,89 
[heal/dead],1.458226754619734,636,275,327,89 
[Sick],1.4634426450516373,635,276,327,89 
[Sick],1.463603843262167,634,277,327,89 
[heal/dead],1.4698392868559775,635,276,328,89 
[heal/dead],1.4713912157948914,636,275,329,89 
[heal/dead],1.4715452550231685,637,274,330,89 
[heal/dead],1.4755112612562327,638,273,331,89 
[Sick],1.483474668897253,637,274,331,89 
[Sick],1.4862533649040772,636,275,331,89 
[heal/dead],1.4916608030832426,637,274,332,89 
[heal/dead],1.4991364380282037,638,273,333,89 
[heal/dead],1.4999059635620602,639,272,334,89 
[heal/dead],1.5007529424440285,640,271,335,89 
[heal/dead],1.5017287564679045,641,270,336,89 
[heal/dead],1.5041081955929325,642,269,337,89 
[heal/dead],1.5077559878899547,642,268,337,90 
[Sick],1.5077984136878082,641,269,337,90 
[heal/dead],1.5105948809519072,642,268,338,90 
[heal/dead],1.5164923061624132,643,267,339,90 
[Sick],1.5174530963091108,642,268,339,90 
[heal/dead],1.520829811736227,643,267,340,90 
[heal/dead],1.5210737755090153,643,266,340,91 
[heal/dead],1.5213205727520487,644,265,341,91 
[Sick],1.5220558760355603,643,266,341,91 
[Sick],1.5231568520392833,642,267,341,91 
[Sick],1.524849865031123,641,268,341,91 
[Sick],1.5274676643926968,640,269,341,91 
[heal/dead],1.5307913855906905,641,268,342,91 
[heal/dead],1.5365030042515702,641,267,342,92 
[heal/dead],1.5368871831423236,642,266,343,92 
[Sick],1.5371708883675377,641,267,343,92 
[heal/dead],1.5376838263210197,641,266,343,93 
[Sick],1.5391395741422107,640,267,343,93 
[Sick],1.540780156427444,639,268,343,93 
[heal/dead],1.542470560768254,640,267,344,93 
[Sick],1.5445572511064132,639,268,344,93 
[Sick],1.544559113284988,638,269,344,93 
[heal/dead],1.5481054604940052,638,268,344,94 
[Sick],1.5523490485259308,637,269,344,94 
[heal/dead],1.5525433214430573,638,268,345,94 
[Sick],1.552791637227175,637,269,345,94 
[heal/dead],1.554024327452869,638,268,346,94 
[Sick],1.5575285503446634,637,269,346,94 
[heal/dead],1.5576785610142658,638,268,347,94 
[Sick],1.5588648080217289,637,269,347,94 
[Sick],1.5592610362851826,636,270,347,94 
[heal/dead],1.5603913492560881,636,269,347,95 
[Sick],1.5645024129810572,635,270,347,95 
[Sick],1.5658558328670447,634,271,347,95 
[Sick],1.5665977883529432,633,272,347,95 
[Sick],1.5679423697273263,632,273,347,95 
[heal/dead],1.5699035070852385,633,272,348,95 
[Sick],1.570729578533583,632,273,348,95 
[heal/dead],1.571808213105949,633,272,349,95 
[Sick],1.5780413056337106,632,273,349,95 
[heal/dead],1.5807826921672932,633,272,350,95 
[heal/dead],1.5818388073371483,634,271,351,95 
[heal/dead],1.584987871429052,635,270,352,95 
[heal/dead],1.5854592196715342,636,269,353,95 
[Sick],1.5868261356821516,635,270,353,95 
[heal/dead],1.589920556219801,636,269,354,95 
[heal/dead],1.5901253589542137,637,268,355,95 
[heal/dead],1.5927308441384063,637,267,355,96 
[Sick],1.5940126300079036,636,268,355,96 
[heal/dead],1.5948900152032388,637,267,356,96 
[heal/dead],1.596152901349383,637,266,356,97 
[heal/dead],1.5979653270005942,638,265,357,97 
[heal/dead],1.6017119904998907,639,264,358,97 
[heal/dead],1.6061963089940445,640,263,359,97 
[heal/dead],1.6099936476883723,641,262,360,97 
[Sick],1.6125693139564035,640,263,360,97 
[heal/dead],1.6131515165036845,640,262,360,98 
[heal/dead],1.614679544794088,641,261,361,98 
[Sick],1.6163832062093737,640,262,361,98 
[heal/dead],1.6197351366582802,640,261,361,99 
[heal/dead],1.6214755443244324,640,260,361,100 
[heal/dead],1.623172602343691,641,259,362,100 
[Sick],1.6271713420424219,640,260,362,100 
[Sick],1.629321745217075,639,261,362,100 
[Sick],1.6320586137146378,638,262,362,100 
[Sick],1.6320818473034482,637,263,362,100 
[Sick],1.6394457095831345,636,264,362,100 
[heal/dead],1.6404790363326982,636,263,362,101 
[heal/dead],1.643668415787941,637,262,363,101 
[heal/dead],1.6442032043114316,638,261,364,101 
[Sick],1.6496094397185816,637,262,364,101 
[heal/dead],1.6501564024170434,637,261,364,102 
[heal/dead],1.6514365508924471,638,260,365,102 
[heal/dead],1.6531416102138294,639,259,366,102 
[Sick],1.6555223963234484,638,260,366,102 
[Sick],1.6580769685785,637,261,366,102 
[Sick],1.6604558176648117,636,262,366,102 
[heal/dead],1.6707290948562985,637,261,367,102 
[heal/dead],1.6713289187323292,638,260,368,102 
[Sick],1.6760025560201164,637,261,368,102 
[Sick],1.6780057371328567,636,262,368,102 
[heal/dead],1.679912643586428,637,261,369,102 
[Sick],1.6807146253738805,636,262,369,102 
[heal/dead],1.6822112213019407,637,261,370,102 
[heal/dead],1.6837409138024662,637,260,370,103 
[Sick],1.6926013651219693,636,261,370,103 
[heal/dead],1.6974869215412614,637,260,371,103 
[Sick],1.697567907283327,636,261,371,103 
[Sick],1.699874862437212,635,262,371,103 
[heal/dead],1.7051641764886967,636,261,372,103 
[Sick],1.7052918422771626,635,262,372,103 
[heal/dead],1.7108414118122102,636,261,373,103 
[heal/dead],1.7197612146909798,637,260,374,103 
[heal/dead],1.7251916214096294,638,259,375,103 
[Sick],1.7256939934697029,637,260,375,103 
[Sick],1.7293112421044425,636,261,375,103 
[Sick],1.7303731734941408,635,262,375,103 
[Sick],1.731073575654909,634,263,375,103 
[Sick],1.734130378796904,633,264,375,103 
[heal/dead],1.7348852822673855,634,263,376,103 
[Sick],1.7377159298098603,633,264,376,103 
[Sick],1.7409030865764699,632,265,376,103 
[heal/dead],1.7437677594126586,632,264,376,104 
[heal/dead],1.7445201198326237,633,263,377,104 
[heal/dead],1.7505761927458878,633,262,377,105 
[heal/dead],1.7540784377456866,634,261,378,105 
[heal/dead],1.754647900985675,635,260,379,105 
[Sick],1.7554389328968139,634,261,379,105 
[Sick],1.7577842267612613,633,262,379,105 
[heal/dead],1.7589494188048471,634,261,380,105 
[heal/dead],1.763668160348624,635,260,381,105 
[heal/dead],1.7670974941852398,636,259,382,105 
[Sick],1.7698631277179568,635,260,382,105 
[Sick],1.77212539364599,634,261,382,105 
[Sick],1.773552431564519,633,262,382,105 
[heal/dead],1.7799814846078719,634,261,383,105 
[heal/dead],1.7803218830091132,634,260,383,106 
[heal/dead],1.7864995098800955,635,259,384,106 
[heal/dead],1.7866186446473318,636,258,385,106 
[heal/dead],1.7942642891236762,637,257,386,106 
[Sick],1.7943286100400095,636,258,386,106 
[heal/dead],1.7955517658444282,636,257,386,107 
[Sick],1.7962249796879746,635,258,386,107 
[heal/dead],1.7967903191639172,636,257,387,107 
[heal/dead],1.8022030447729527,637,256,388,107 
[heal/dead],1.8039205078899387,638,255,389,107 
[heal/dead],1.8060041410208525,638,254,389,108 
[Sick],1.806561655889443,637,255,389,108 
[Sick],1.8137378520026293,636,256,389,108 
[Sick],1.814027897178651,635,257,389,108 
[Sick],1.8144862147206242,634,258,389,108 
[heal/dead],1.822204878227325,635,257,390,108 
[heal/dead],1.82472183972312,635,256,390,109 
[heal/dead],1.8259918976911491,636,255,391,109 
[heal/dead],1.830771798064976,637,254,392,109 
[Sick],1.8315680174260904,636,255,392,109 
[Sick],1.833519044665349,635,256,392,109 
[heal/dead],1.833867971985918,636,255,393,109 
[Sick],1.8357493060100345,635,256,393,109 
[heal/dead],1.8367748371567465,635,255,393,110 
[Sick],1.8487512300196216,634,256,393,110 
[heal/dead],1.8500532904858762,634,255,393,111 
[heal/dead],1.8503525684195978,635,254,394,111 
[heal/dead],1.851112316233006,636,253,395,111 
[heal/dead],1.8529903311578468,636,252,395,112 
[heal/dead],1.8537244120041598,637,251,396,112 
[heal/dead],1.857788928268801,637,250,396,113 
[heal/dead],1.8631881794481657,638,249,397,113 
[Sick],1.864063018768134,637,250,397,113 
[heal/dead],1.8677996370776124,638,249,398,113 
[Sick],1.8694536706079532,637,250,398,113 
[Sick],1.8711235577573586,636,251,398,113 
[heal/dead],1.8740776139637056,637,250,399,113 
[Sick],1.8744282115471786,636,251,399,113 
[Sick],1.8772958743152297,635,252,399,113 
[heal/dead],1.8778782251763428,636,251,400,113 
[Sick],1.8783197733925214,635,252,400,113 
[heal/dead],1.878746628413692,636,251,401,113 
[Sick],1.8788017310725067,635,252,401,113 
[heal/dead],1.8792716608801143,636,251,402,113 
[heal/dead],1.8827007110271072,637,250,403,113 
[Sick],1.8854929970152758,636,251,403,113 
[heal/dead],1.8922073266761927,637,250,404,113 
[heal/dead],1.9038234346034497,638,249,405,113 
[heal/dead],1.909839394196521,639,248,406,113 
[heal/dead],1.9113370327998973,640,247,407,113 
[heal/dead],1.9119679185820078,641,246,408,113 
[heal/dead],1.9180807422049508,642,245,409,113 
[heal/dead],1.918344788485395,643,244,410,113 
[heal/dead],1.9208573783085168,643,243,410,114 
[heal/dead],1.9215928560811129,644,242,411,114 
[heal/dead],1.9252273827477695,645,241,412,114 
[heal/dead],1.9315069411886772,645,240,412,115 
[heal/dead],1.9343356243657472,646,239,413,115 
[Sick],1.9374188939923738,645,240,413,115 
[Sick],1.9390088625085364,644,241,413,115 
[Sick],1.94025549569876,643,242,413,115 
[heal/dead],1.9409431272311415,643,241,413,116 
[heal/dead],1.9419003232909697,644,240,414,116 
[heal/dead],1.9441221694392912,645,239,415,116 
[Sick],1.9465569561318479,644,240,415,116 
[Sick],1.9466129564987222,643,241,415,116 
[Sick],1.948360835941883,642,242,415,116 
[heal/dead],1.9513445950477735,642,241,415,117 
[heal/dead],1.9523391639766148,643,240,416,117 
[heal/dead],1.9596022164188824,644,239,417,117 
[Sick],1.9596253013385496,643,240,417,117 
[heal/dead],1.9618136882067039,644,239,418,117 
[Sick],1.964189981704357,643,240,418,117 
[heal/dead],1.9666520001091727,644,239,419,117 
[heal/dead],1.9673711312065245,644,238,419,118 
[heal/dead],1.9676189315135577,645,237,420,118 
[heal/dead],1.9686714048309528,646,236,421,118 
[heal/dead],1.9730590479710297,646,235,421,119 
[heal/dead],1.9735362366812252,647,234,422,119 
[heal/dead],1.9792974230126388,648,233,423,119 
[heal/dead],1.9816515881032826,649,232,424,119 
[heal/dead],1.9915894341493798,650,231,425,119 
[heal/dead],1.9931308625713846,651,230,426,119 
[heal/dead],1.9973593534467557,652,229,427,119 
[heal/dead],1.998008047003181,653,228,428,119 
[heal/dead],2.0003116963422767,653,227,428,120 
[Sick],2.003691447985179,652,228,428,120 
[heal/dead],2.0052710226529613,653,227,429,120 
[heal/dead],2.0056200454581097,654,226,430,120 
[heal/dead],2.010128034139927,655,225,431,120 
[heal/dead],2.0105939123413226,656,224,432,120 
[heal/dead],2.0111535317485245,657,223,433,120 
[heal/dead],2.011637636915956,658,222,434,120 
[heal/dead],2.0123639237274302,659,221,435,120 
[Sick],2.0141178691190125,658,222,435,120 
[Sick],2.0194090856149067,657,223,435,120 
[heal/dead],2.0217671096266128,657,222,435,121 
[Sick],2.021975497236722,656,223,435,121 
[heal/dead],2.022844540816749,657,222,436,121 
[heal/dead],2.0238940433994403,658,221,437,121 
[Sick],2.025000287590839,657,222,437,121 
[Sick],2.025367242838108,656,223,437,121 
[heal/dead],2.025761624795886,657,222,438,121 
[heal/dead],2.030460774440422,658,221,439,121 
[heal/dead],2.036529234093309,659,220,440,121 
[heal/dead],2.0391211894034176,660,219,441,121 
[Sick],2.0397735383705284,659,220,441,121 
[heal/dead],2.042455655203583,660,219,442,121 
[heal/dead],2.0554711993255608,660,218,442,122 
[Sick],2.056149726821218,659,219,442,122 
[heal/dead],2.0590014929664764,660,218,443,122 
[heal/dead],2.0634714788386135,660,217,443,123 
[heal/dead],2.0651539820257674,661,216,444,123 
[heal/dead],2.065744074306602,662,215,445,123 
[heal/dead],2.06909846781999,663,214,446,123 
[heal/dead],2.0777170324294434,664,213,447,123 
[Sick],2.079240709905605,663,214,447,123 
[heal/dead],2.0811066334201724,664,213,448,123 
[heal/dead],2.0848690295521837,665,212,449,123 
[heal/dead],2.085674113458502,666,211,450,123 
[heal/dead],2.086204073596282,666,210,450,124 
[Sick],2.0970079905753676,665,211,450,124 
[heal/dead],2.0972843062845326,666,210,451,124 
[heal/dead],2.0981973695727536,667,209,452,124 
[Sick],2.100648697055019,666,210,452,124 
[heal/dead],2.1008825247546543,666,209,452,125 
[Sick],2.1184881351340303,665,210,452,125 
[heal/dead],2.1189317937896366,666,209,453,125 
[Sick],2.1190424365380847,665,210,453,125 
[heal/dead],2.1208533542809818,666,209,454,125 
[heal/dead],2.1228439278745066,667,208,455,125 
[heal/dead],2.1274352237026877,668,207,456,125 
[Sick],2.130734312913042,667,208,456,125 
[Sick],2.133647598302162,666,209,456,125 
[Sick],2.1336803439369056,665,210,456,125 
[Sick],2.1367595505117993,664,211,456,125 
[heal/dead],2.137441163822337,665,210,457,125 
[heal/dead],2.1390608818920382,666,209,458,125 
[Sick],2.1452486328632894,665,210,458,125 
[Sick],2.1488812779833975,664,211,458,125 
[Sick],2.151069237749075,663,212,458,125 
[Sick],2.154346342863895,662,213,458,125 
[heal/dead],2.1573638375971997,663,212,459,125 
[heal/dead],2.159641264183518,664,211,460,125 
[heal/dead],2.1604411148957383,665,210,461,125 
[heal/dead],2.1613759509360433,666,209,462,125 
[heal/dead],2.1676140574753915,667,208,463,125 
[Sick],2.1789428383634353,666,209,463,125 
[Sick],2.18347854333876,665,210,463,125 
[Sick],2.1839276671952303,664,211,463,125 
[Sick],2.1841165983578987,663,212,463,125 
[Sick],2.1945265001813468,662,213,463,125 
[heal/dead],2.195743276240372,663,212,464,125 
[heal/dead],2.2022622652967163,664,211,465,125 
[heal/dead],2.207465169704326,665,210,466,125 
[Sick],2.2093045155598006,664,211,466,125 
[heal/dead],2.21126958415835,664,210,466,126 
[Sick],2.2113850558769714,663,211,466,126 
[heal/dead],2.213851309238606,664,210,467,126 
[Sick],2.219802369961796,663,211,467,126 
[heal/dead],2.2259340877673846,663,210,467,127 
[Sick],2.2358685382214905,662,211,467,127 
[heal/dead],2.2375456294492237,663,210,468,127 
[Sick],2.237778285472514,662,211,468,127 
[Sick],2.237851657505317,661,212,468,127 
[Sick],2.2399286111265906,660,213,468,127 
[Sick],2.2405337502901377,659,214,468,127 
[Sick],2.243399158945939,658,215,468,127 
[heal/dead],2.251648892834386,659,214,469,127 
[Sick],2.2569186775153267,658,215,469,127 
[Sick],2.257440970745314,657,216,469,127 
[heal/dead],2.265126844322911,658,215,470,127 
[Sick],2.2840204829982196,657,216,470,127 
[heal/dead],2.29012329347926,657,215,470,128 
[heal/dead],2.291082083760476,658,214,471,128 
[Sick],2.2911078831618403,657,215,471,128 
[Sick],2.2924390335802505,656,216,471,128 
[heal/dead],2.292622309233084,657,215,472,128 
[Sick],2.294230309611997,656,216,472,128 
[Sick],2.299738166460922,655,217,472,128 
[heal/dead],2.301038336251467,655,216,472,129 
[heal/dead],2.3016901005732273,655,215,472,130 
[Sick],2.3060850435702793,654,216,472,130 
[heal/dead],2.307231794931477,655,215,473,130 
[heal/dead],2.3098157707341467,656,214,474,130 
[Sick],2.3110462462226757,655,215,474,130 
[heal/dead],2.3128134077798777,656,214,475,130 
[heal/dead],2.3143995576799314,656,213,475,131 
[heal/dead],2.315009829892018,657,212,476,131 
[heal/dead],2.3225385116089727,658,211,477,131 
[Sick],2.3267064196280196,657,212,477,131 
[heal/dead],2.328260689623557,657,211,477,132 
[heal/dead],2.329870569785896,657,210,477,133 
[heal/dead],2.3354104586350877,658,209,478,133 
[heal/dead],2.3399156812791837,659,208,479,133 
[heal/dead],2.342256069591568,660,207,480,133 
[Sick],2.3423722285018367,659,208,480,133 
[heal/dead],2.344034608936887,659,207,480,134 
[heal/dead],2.3454070880981277,660,206,481,134 
[heal/dead],2.3496825823956446,660,205,481,135 
[Sick],2.3516671744787407,659,206,481,135 
[heal/dead],2.3546207345653154,659,205,481,136 
[heal/dead],2.3565870890921237,660,204,482,136 
[heal/dead],2.3568331857287452,661,203,483,136 
[Sick],2.36012770081759,660,204,483,136 
[heal/dead],2.360566680040541,660,203,483,137 
[Sick],2.363879392644129,659,204,483,137 
[Sick],2.365090801133814,658,205,483,137 
[Sick],2.3674120294351857,657,206,483,137 
[heal/dead],2.36965246430376,658,205,484,137 
[Sick],2.371594434424266,657,206,484,137 
[Sick],2.372713015370477,656,207,484,137 
[heal/dead],2.3772184823938245,657,206,485,137 
[heal/dead],2.378999722954599,657,205,485,138 
[heal/dead],2.3815114500218852,658,204,486,138 
[heal/dead],2.3849223363985987,659,203,487,138 
[heal/dead],2.3921401055352502,660,202,488,138 
[heal/dead],2.3949320245185257,661,201,489,138 
[heal/dead],2.3953283430789325,662,200,490,138 
[Sick],2.410033268038937,661,201,490,138 
[heal/dead],2.4103961737952226,661,200,490,139 
[Sick],2.412415713511923,660,201,490,139 
[Sick],2.413696035275022,659,202,490,139 
[heal/dead],2.4142598014696994,660,201,491,139 
[heal/dead],2.42154417235786,661,200,492,139 
[heal/dead],2.427309086048481,661,199,492,140 
[heal/dead],2.427853521577758,662,198,493,140 
[heal/dead],2.4304890915677007,663,197,494,140 
[heal/dead],2.4339492578899886,663,196,494,141 
[heal/dead],2.4358896703731623,664,195,495,141 
[Sick],2.4394486229919567,663,196,495,141 
[heal/dead],2.4407558742655495,664,195,496,141 
[Sick],2.4407623697381204,663,196,496,141 
[heal/dead],2.4417392428590325,664,195,497,141 
[heal/dead],2.443125136200179,665,194,498,141 
[heal/dead],2.447485544904654,666,193,499,141 
[heal/dead],2.4505703874128257,666,192,499,142 
[heal/dead],2.455380986613962,667,191,500,142 
[heal/dead],2.458296967367147,667,190,500,143 
[Sick],2.4632606242286426,666,191,500,143 
[Sick],2.464106937452837,665,192,500,143 
[Sick],2.4649551202837316,664,193,500,143 
[heal/dead],2.4658935440285714,664,192,500,144 
[heal/dead],2.4668844981677367,665,191,501,144 
[heal/dead],2.470242388601039,666,190,502,144 
[Sick],2.473884533137766,665,191,502,144 
[Sick],2.4744196083777252,664,192,502,144 
[Sick],2.4762559010411107,663,193,502,144 
[heal/dead],2.486165795304699,663,192,502,145 
[Sick],2.4958335295565517,662,193,502,145 
[Sick],2.498151382752698,661,194,502,145 
[heal/dead],2.5031250631431345,662,193,503,145 
[heal/dead],2.504548719418883,663,192,504,145 
[heal/dead],2.506274875111626,664,191,505,145 
[Sick],2.506776638113616,663,192,505,145 
[heal/dead],2.5094264905685124,664,191,506,145 
[heal/dead],2.5147413235470424,665,190,507,145 
[heal/dead],2.518020762129042,666,189,508,145 
[heal/dead],2.5227467153446637,666,188,508,146 
[heal/dead],2.524018781029492,667,187,509,146 
[heal/dead],2.527046749805642,668,186,510,146 
[Sick],2.53331790927006,667,187,510,146 
[Sick],2.5340075023782482,666,188,510,146 
[heal/dead],2.534935474237359,667,187,511,146 
[heal/dead],2.542874509850906,668,186,512,146 
[Sick],2.5445925761840984,667,187,512,146 
[heal/dead],2.5470035805542026,667,186,512,147 
[heal/dead],2.5540898054052343,668,185,513,147 
[heal/dead],2.5549237650174934,669,184,514,147 
[heal/dead],2.5552820486024106,669,183,514,148 
[heal/dead],2.559960404765294,670,182,515,148 
[heal/dead],2.564176368163598,671,181,516,148 
[heal/dead],2.566852794830205,672,180,517,148 
[heal/dead],2.5850943505112607,673,179,518,148 
[heal/dead],2.58900534032775,674,178,519,148 
[Sick],2.604137919308433,673,179,519,148 
[heal/dead],2.6062462595131155,674,178,520,148 
[heal/dead],2.608650236523232,675,177,521,148 
[Sick],2.6100534269450484,674,178,521,148 
[heal/dead],2.619366823507907,675,177,522,148 
[Sick],2.619871823220835,674,178,522,148 
[Sick],2.6200791408571695,673,179,522,148 
[heal/dead],2.6407258496625197,674,178,523,148 
[heal/dead],2.641444560324298,675,177,524,148 
[Sick],2.647133338826549,674,178,524,148 
[heal/dead],2.6478012162506137,674,177,524,149 
[Sick],2.6479612942978306,673,178,524,149 
[heal/dead],2.6676945083662407,673,177,524,150 
[heal/dead],2.668141240640429,673,176,524,151 
[heal/dead],2.6689092881431553,674,175,525,151 
[heal/dead],2.6695509313916372,675,174,526,151 
[heal/dead],2.669899948825508,676,173,527,151 
[heal/dead],2.671637578032391,676,172,527,152 
[heal/dead],2.6936879756181624,677,171,528,152 
[heal/dead],2.7012722232393664,678,170,529,152 
[Sick],2.7032832900145394,677,171,529,152 
[heal/dead],2.7035108041649303,678,170,530,152 
[heal/dead],2.705343758351927,679,169,531,152 
[Sick],2.7109112359783376,678,170,531,152 
[Sick],2.714659070489252,677,171,531,152 
[heal/dead],2.7176461345611935,677,170,531,153 
[heal/dead],2.7300661166059874,678,169,532,153 
[Sick],2.7326782040278896,677,170,532,153 
[heal/dead],2.7328138287878416,678,169,533,153 
[heal/dead],2.7391739711034537,679,168,534,153 
[heal/dead],2.739741670884909,679,167,534,154 
[heal/dead],2.740032692218853,680,166,535,154 
[heal/dead],2.742495728236813,681,165,536,154 
[heal/dead],2.7463824208037333,682,164,537,154 
[Sick],2.7472962209900094,681,165,537,154 
[heal/dead],2.74993938910554,682,164,538,154 
[heal/dead],2.7570489843675725,683,163,539,154 
[heal/dead],2.7582037595730977,684,162,540,154 
[heal/dead],2.760798716868483,685,161,541,154 
[heal/dead],2.7645652138868706,686,160,542,154 
[heal/dead],2.7678550713329484,687,159,543,154 
[Sick],2.7776985341104203,686,160,543,154 
[heal/dead],2.778578561022755,686,159,543,155 
[heal/dead],2.7834153186776778,687,158,544,155 
[Sick],2.787423661675993,686,159,544,155 
[Sick],2.7964175594363896,685,160,544,155 
[heal/dead],2.8025240847765502,686,159,545,155 
[heal/dead],2.8030623855558385,687,158,546,155 
[heal/dead],2.8078710799387063,688,157,547,155 
[heal/dead],2.812081493516779,688,156,547,156 
[heal/dead],2.815580300553781,688,155,547,157 
[heal/dead],2.8250556117848697,689,154,548,157 
[heal/dead],2.8265642399247004,690,153,549,157 
[Sick],2.828625804264239,689,154,549,157 
[heal/dead],2.8289087270823474,690,153,550,157 
[heal/dead],2.8346309000842673,690,152,550,158 
[heal/dead],2.8368819885158327,691,151,551,158 
[heal/dead],2.8423214819315854,692,150,552,158 
[heal/dead],2.847111704350797,693,149,553,158 
[heal/dead],2.8513547430267927,694,148,554,158 
[heal/dead],2.853569711441547,695,147,555,158 
[Sick],2.853968220504035,694,148,555,158 
[heal/dead],2.8638502114442193,695,147,556,158 
[Sick],2.8763818300820967,694,148,556,158 
[heal/dead],2.8780263699291226,695,147,557,158 
[Sick],2.882067677818708,694,148,557,158 
[heal/dead],2.882489906255705,695,147,558,158 
[heal/dead],2.885830751490431,696,146,559,158 
[heal/dead],2.8881101661282265,697,145,560,158 
[heal/dead],2.8907377881468186,698,144,561,158 
[heal/dead],2.9002964235723407,698,143,561,159 
[Sick],2.909999946583705,697,144,561,159 
[Sick],2.910638888232972,696,145,561,159 
[Sick],2.9134696129530155,695,146,561,159 
[heal/dead],2.9212942591381164,696,145,562,159 
[Sick],2.921723067512454,695,146,562,159 
[heal/dead],2.924899599691973,696,145,563,159 
[heal/dead],2.925610893957207,697,144,564,159 
[Sick],2.9292869461874385,696,145,564,159 
[Sick],2.9297015528306063,695,146,564,159 
[heal/dead],2.930594571938437,696,145,565,159 
[heal/dead],2.9334547828951347,697,144,566,159 
[heal/dead],2.9350124810808467,697,143,566,160 
[heal/dead],2.939100148121681,698,142,567,160 
[Sick],2.9433571389069404,697,143,567,160 
[heal/dead],2.94578820839689,698,142,568,160 
[heal/dead],2.947832736502939,699,141,569,160 
[Sick],2.9479910928200836,698,142,569,160 
[heal/dead],2.962988835172289,699,141,570,160 
[Sick],2.9669794484697043,698,142,570,160 
[heal/dead],2.975035400810078,699,141,571,160 
[heal/dead],2.9769145017062537,700,140,572,160 
[heal/dead],2.9842791656686294,701,139,573,160 
[Sick],2.9844502708691425,700,140,573,160 
[heal/dead],2.9870029042932145,701,139,574,160 
[Sick],2.9963746106595375,700,140,574,160 
[heal/dead],2.9982776291622515,701,139,575,160 
[heal/dead],2.998929735880902,702,138,576,160 
[heal/dead],3.008642367784094,703,137,577,160 
[heal/dead],3.0278145932464198,704,136,578,160 
[heal/dead],3.0279227102225623,704,135,578,161 
[Sick],3.027941679602038,703,136,578,161 
[heal/dead],3.0478989765899724,703,135,578,162 
[heal/dead],3.066262497105541,703,134,578,163 
[heal/dead],3.072342493703191,703,133,578,164 
[heal/dead],3.0732227366094436,704,132,579,164 
[heal/dead],3.0741584623343017,705,131,580,164 
[Sick],3.0749469455021843,704,132,580,164 
[Sick],3.079328452384608,703,133,580,164 
[Sick],3.080450032927215,702,134,580,164 
[heal/dead],3.0815122125281174,703,133,581,164 
[heal/dead],3.095494403888389,703,132,581,165 
[Sick],3.102139123991888,702,133,581,165 
[heal/dead],3.1080989135697146,702,132,581,166 
[Sick],3.1100072571639634,701,133,581,166 
[heal/dead],3.114106488110164,702,132,582,166 
[heal/dead],3.117565829894378,703,131,583,166 
[heal/dead],3.1208724834646757,704,130,584,166 
[Sick],3.1357305792819887,703,131,584,166 
[heal/dead],3.14028732421489,704,130,585,166 
[heal/dead],3.1405269058163467,705,129,586,166 
[heal/dead],3.140783546783546,706,128,587,166 
[heal/dead],3.152335623527302,707,127,588,166 
[heal/dead],3.1607256762747875,708,126,589,166 
[Sick],3.1651422107326916,707,127,589,166 
[heal/dead],3.1664165695023327,708,126,590,166 
[heal/dead],3.180657021122115,709,125,591,166 
[heal/dead],3.1890726351463354,709,124,591,167 
[heal/dead],3.1946430226294997,709,123,591,168 
[Sick],3.1963186808072557,708,124,591,168 
[Sick],3.199610534616264,707,125,591,168 
[heal/dead],3.2004481256137414,708,124,592,168 
[heal/dead],3.20840034480232,709,123,593,168 
[heal/dead],3.2155249006568054,710,122,594,168 
[heal/dead],3.22051674069974,711,121,595,168 
[Sick],3.2210060419718642,710,122,595,168 
[heal/dead],3.228599337774605,711,121,596,168 
[heal/dead],3.246774486300665,711,120,596,169 
[heal/dead],3.2492931312104965,712,119,597,169 
[heal/dead],3.2531319410863833,713,118,598,169 
[Sick],3.254515127077356,712,119,598,169 
[Sick],3.2556972207168804,711,120,598,169 
[Sick],3.2587929282632753,710,121,598,169 
[heal/dead],3.264409775638468,711,120,599,169 
[heal/dead],3.2650517432804986,712,119,600,169 
[heal/dead],3.265159565148501,713,118,601,169 
[Sick],3.269152731568107,712,119,601,169 
[heal/dead],3.271148235137124,713,118,602,169 
[heal/dead],3.2716295801447584,714,117,603,169 
[heal/dead],3.27645005674563,715,116,604,169 
[heal/dead],3.2802185987393604,716,115,605,169 
[heal/dead],3.2898354718300484,717,114,606,169 
[Sick],3.293600009749109,716,115,606,169 
[heal/dead],3.2969394846130418,717,114,607,169 
[heal/dead],3.3116599815205006,718,113,608,169 
[heal/dead],3.3134578380519666,719,112,609,169 
[heal/dead],3.318162061789612,720,111,610,169 
[Sick],3.3233079648027135,719,112,610,169 
[Sick],3.3246523751013033,718,113,610,169 
[Sick],3.3275241817771595,717,114,610,169 
[Sick],3.33998717537193,716,115,610,169 
[Sick],3.348224400721005,715,116,610,169 
[heal/dead],3.353501694529928,716,115,611,169 
[heal/dead],3.364012652682296,717,114,612,169 
[heal/dead],3.36536587299884,717,113,612,170 
[heal/dead],3.366243709230141,718,112,613,170 
[heal/dead],3.3857627768607492,719,111,614,170 
[heal/dead],3.3881502812796804,720,110,615,170 
[heal/dead],3.3916596975801525,720,109,615,171 
[heal/dead],3.3922907645358724,721,108,616,171 
[heal/dead],3.3954124296253183,722,107,617,171 
[heal/dead],3.4012249711874065,723,106,618,171 
[Sick],3.4107239187598624,722,107,618,171 
[heal/dead],3.4223733707356767,723,106,619,171 
[Sick],3.4231312371039935,722,107,619,171 
[heal/dead],3.427634507593808,723,106,620,171 
[heal/dead],3.430469617641307,723,105,620,172 
[heal/dead],3.4376816844122993,724,104,621,172 
[Sick],3.4392385024173766,723,105,621,172 
[heal/dead],3.4451816601609577,724,104,622,172 
[heal/dead],3.44902174884107,724,103,622,173 
[heal/dead],3.4514012094725555,725,102,623,173 
[heal/dead],3.464586856085316,726,101,624,173 
[heal/dead],3.4646938266774576,727,100,625,173 
[heal/dead],3.471213849156358,727,99,625,174 
[Sick],3.4867307272238763,726,100,625,174 
[heal/dead],3.4886632694288044,727,99,626,174 
[heal/dead],3.497290282312786,728,98,627,174 
[Sick],3.4979236723130973,727,99,627,174 
[Sick],3.5072658189831345,726,100,627,174 
[heal/dead],3.5103932387425574,726,99,627,175 
[Sick],3.5204855434895057,725,100,627,175 
[heal/dead],3.5208733349179564,726,99,628,175 
[heal/dead],3.5210459388224122,726,98,628,176 
[heal/dead],3.5374388318829415,727,97,629,176 
[heal/dead],3.5386822657018957,727,96,629,177 
[heal/dead],3.544180717885495,727,95,629,178 
[Sick],3.5468129524672127,726,96,629,178 
[heal/dead],3.549652234606559,727,95,630,178 
[Sick],3.5719829188866865,726,96,630,178 
[Sick],3.57580849286808,725,97,630,178 
[heal/dead],3.589384037080204,726,96,631,178 
[Sick],3.596528285083727,725,97,631,178 
[heal/dead],3.6284743706267584,726,96,632,178 
[heal/dead],3.629893361696432,727,95,633,178 
[heal/dead],3.636071804046412,728,94,634,178 
[heal/dead],3.6464950480907334,729,93,635,178 
[heal/dead],3.6547543835288696,729,92,635,179 
[heal/dead],3.65785532405862,730,91,636,179 
[Sick],3.6656745757107205,729,92,636,179 
[heal/dead],3.6720392145825844,730,91,637,179 
[heal/dead],3.678422626848567,731,90,638,179 
[Sick],3.6802285062510594,730,91,638,179 
[Sick],3.6819398408481825,729,92,638,179 
[heal/dead],3.695328833889933,729,91,638,180 
[heal/dead],3.7004098121968463,730,90,639,180 
[Sick],3.700461900219255,729,91,639,180 
[heal/dead],3.705000359627766,730,90,640,180 
[heal/dead],3.7141061202825587,731,89,641,180 
[heal/dead],3.714519773157336,732,88,642,180 
[heal/dead],3.7268746532024126,732,87,642,181 
[Sick],3.754720056049945,731,88,642,181 
[heal/dead],3.773738288209139,732,87,643,181 
[heal/dead],3.7764157963532585,733,86,644,181 
[heal/dead],3.7921859137485123,734,85,645,181 
[heal/dead],3.802230182969147,735,84,646,181 
[heal/dead],3.8079649644919367,736,83,647,181 
[heal/dead],3.8213135053244245,736,82,647,182 
[Sick],3.827002604747103,735,83,647,182 
[Sick],3.8335092945141938,734,84,647,182 
[heal/dead],3.8407238869956632,735,83,648,182 
[heal/dead],3.8490114787209135,736,82,649,182 
[Sick],3.870135318343551,735,83,649,182 
[heal/dead],3.876276523638571,736,82,650,182 
[heal/dead],3.8780406626454735,737,81,651,182 
[Sick],3.8805366876201894,736,82,651,182 
[heal/dead],3.9016463043069054,737,81,652,182 
[Sick],3.918967408240053,736,82,652,182 
[heal/dead],3.9220333937236105,737,81,653,182 
[heal/dead],3.9242783930785823,738,80,654,182 
[heal/dead],3.9499550072012997,739,79,655,182 
[Sick],3.952171208280713,738,80,655,182 
[heal/dead],3.9555863159889695,738,79,655,183 
[heal/dead],3.959211304817144,739,78,656,183 
[heal/dead],3.9673984615435582,740,77,657,183 
[heal/dead],3.9885402012227096,741,76,658,183 
[heal/dead],3.997903715214929,742,75,659,183 
[heal/dead],4.001751923384098,743,74,660,183 
[heal/dead],4.018494551659088,744,73,661,183 
[heal/dead],4.026364254249025,744,72,661,184 
[heal/dead],4.0279933225971725,745,71,662,184 
[heal/dead],4.051343158658758,746,70,663,184 
[heal/dead],4.053044081912213,747,69,664,184 
[Sick],4.0722820698916395,746,70,664,184 
[heal/dead],4.09686811677997,747,69,665,184 
[heal/dead],4.10655685182432,748,68,666,184 
[heal/dead],4.110634320598523,749,67,667,184 
[heal/dead],4.118881716394016,750,66,668,184 
[heal/dead],4.135453986960215,751,65,669,184 
[heal/dead],4.1481418532638195,752,64,670,184 
[heal/dead],4.149094069852305,753,63,671,184 
[heal/dead],4.159093089986228,754,62,672,184 
[heal/dead],4.185217279824078,755,61,673,184 
[heal/dead],4.202281049569235,756,60,674,184 
[heal/dead],4.229792436770555,756,59,674,185 
[Sick],4.234374869392114,755,60,674,185 
[heal/dead],4.235886104834421,756,59,675,185 
[heal/dead],4.236461442996895,757,58,676,185 
[heal/dead],4.2400398102566035,758,57,677,185 
[heal/dead],4.241622870622574,758,56,677,186 
[heal/dead],4.25308426292797,759,55,678,186 
[heal/dead],4.269182148809603,760,54,679,186 
[heal/dead],4.275334265430104,761,53,680,186 
[heal/dead],4.311327627224667,762,52,681,186 
[heal/dead],4.31623731543884,763,51,682,186 
[heal/dead],4.336160075282523,764,50,683,186 
[heal/dead],4.395139250315325,765,49,684,186 
[heal/dead],4.443007880549299,766,48,685,186 
[heal/dead],4.475151383238065,767,47,686,186 
[Sick],4.476925408315939,766,48,686,186 
[heal/dead],4.488073657619603,767,47,687,186 
